﻿,,Salary,,,,,,,
Player,Age,2019-20,2020-21,2021-22,2022-23,2023-24,2024-25,Signed Using,Guaranteed
LeBron James,35,"$37,436,858","$39,219,565","$41,002,273",,,,Cap Space,"$76,656,423"
Anthony Davis,27,"$27,093,019","$28,751,775",,,,,1st Round Pick,"$27,093,019"
Danny Green,33,"$14,634,146","$15,365,854",,,,,Cap Space,"$30,000,000"
Kentavious Caldwell-Pope,27,"$8,089,282","$8,493,746",,,,,Cap Space,"$8,089,282"
Avery Bradley,29,"$4,767,000","$5,005,350",,,,,Room Exception,"$9,772,350"
JaVale McGee,32,"$4,000,000","$4,200,000",,,,,Cap Space,"$8,200,000"
Quinn Cook,27,"$3,000,000","$3,000,000",,,,,Cap Space,"$4,000,000"
Alex Caruso,26,"$2,750,000","$2,750,000",,,,,Room Exception,"$5,500,000"
Jared Dudley,35,"$2,564,753",,,,,,Minimum Salary,"$2,564,753"
Dwight Howard,34,"$2,564,753",,,,,,Minimum Salary,"$2,564,753"
Rajon Rondo,34,"$2,564,753","$2,619,605",,,,,Minimum Salary,"$2,564,753"
Kyle Kuzma,25,"$1,974,600","$3,562,178",,,,,1st Round Pick,"$5,536,778"
Markieff Morris,31,"$1,750,000",,,,,,DPE,"$1,750,000"
Talen Horton-Tucker,19,"$898,310","$1,517,981",,,,,Minimum Salary,"$2,416,291"
Dion Waiters,28,"$503,656",,,,,,Minimum Salary,"$503,656"
J.R. Smith,35,"$289,803",,,,,,Minimum Salary,"$289,803"
Kostas Antetokounmpo,22,,,,,,,Two-Way Contract,
Devontae Cacok,24,,,,,,,Two-Way Contract,
Luol Deng,35,"$4,990,000","$4,990,000","$4,990,000",,,,,"$14,970,000"
DeMarcus Cousins,30,"$3,500,000",,,,,,,"$3,500,000"
Troy Daniels,29,"$2,028,594",,,,,,,"$2,028,594"
Team Totals,,"$125,399,527","$119,476,054","$45,992,273",,,,,"$208,000,455"
